{"cameraMode":{"drawMode":0,"name":"Shaded","section":"Shading Mode"},"sceneLighting":false,"audioPlay":false,"sceneViewState":{"showFog":false,"showMaterialUpdate":false,"showSkybox":false,"showFlares":true,"showImageEffects":true,"showParticleSystems":true},"in2DMode":false,"pivot":{"x":0.04801177978515625,"y":-0.00099945068359375,"z":0.5815277099609375},"rotation":{"x":0.13082700967788697,"y":-0.8203531503677368,"z":0.5164986848831177,"w":0.20782792568206788},"size":1.0701004266738892,"orthographic":true}