{"cameraMode":{"drawMode":0,"name":"Shaded","section":"Shading Mode"},"sceneLighting":false,"audioPlay":false,"sceneViewState":{"showFog":false,"showMaterialUpdate":false,"showSkybox":true,"showFlares":true,"showImageEffects":true,"showParticleSystems":true},"in2DMode":false,"pivot":{"x":-1.1167869567871094,"y":-6.017591953277588,"z":-49.75470733642578},"rotation":{"x":-0.03939708322286606,"y":-0.7900182604789734,"z":0.05101754888892174,"w":-0.6097331047058106},"size":2.7634999752044679,"orthographic":false}