{"cameraMode":{"drawMode":0,"name":"Shaded","section":"Shading Mode"},"sceneLighting":false,"audioPlay":false,"sceneViewState":{"showFog":false,"showMaterialUpdate":false,"showSkybox":true,"showFlares":true,"showImageEffects":true,"showParticleSystems":true},"in2DMode":false,"pivot":{"x":-2.371443748474121,"y":-5.974517345428467,"z":70.20231628417969},"rotation":{"x":-0.038875117897987369,"y":0.8528852462768555,"z":-0.06406447291374207,"w":-0.5168032646179199},"size":6.049522876739502,"orthographic":false}