{"cameraMode":{"drawMode":0,"name":"Shaded","section":"Shading Mode"},"sceneLighting":false,"audioPlay":false,"sceneViewState":{"showFog":false,"showMaterialUpdate":false,"showSkybox":true,"showFlares":true,"showImageEffects":true,"showParticleSystems":true},"in2DMode":false,"pivot":{"x":-2.529481887817383,"y":-8.360851287841797,"z":59.35646438598633},"rotation":{"x":0.1813158541917801,"y":-0.3060908615589142,"z":0.05949212238192558,"w":0.9326928853988648},"size":0.9314207434654236,"orthographic":false}