{"cameraMode":{"drawMode":0,"name":"Shaded","section":"Shading Mode"},"sceneLighting":false,"audioPlay":false,"sceneViewState":{"showFog":false,"showMaterialUpdate":false,"showSkybox":true,"showFlares":true,"showImageEffects":true,"showParticleSystems":true},"in2DMode":false,"pivot":{"x":-7.590470790863037,"y":-8.795963287353516,"z":64.69979858398438},"rotation":{"x":0.2575283944606781,"y":-0.15570467710494996,"z":0.0420880988240242,"w":0.9527161121368408},"size":9.0972900390625,"orthographic":false}