{"cameraMode":{"drawMode":0,"name":"Shaded","section":"Shading Mode"},"sceneLighting":false,"audioPlay":false,"sceneViewState":{"showFog":false,"showMaterialUpdate":false,"showSkybox":true,"showFlares":true,"showImageEffects":true,"showParticleSystems":true},"in2DMode":false,"pivot":{"x":-0.0000376378302462399,"y":2.2746105194091799,"z":-7.588014602661133},"rotation":{"x":-0.06577815860509873,"y":-0.2710035443305969,"z":0.01856083609163761,"w":-0.9601684808731079},"size":2.70739483833313,"orthographic":false}