{"cameraMode":{"drawMode":0,"name":"Shaded","section":"Shading Mode"},"sceneLighting":false,"audioPlay":false,"sceneViewState":{"showFog":false,"showMaterialUpdate":false,"showSkybox":true,"showFlares":true,"showImageEffects":true,"showParticleSystems":true},"in2DMode":false,"pivot":{"x":4.758475303649902,"y":-5.703093528747559,"z":-11.117112159729004},"rotation":{"x":-0.30763381719589236,"y":0.1129758358001709,"z":-0.036783747375011447,"w":-0.9440847039222717},"size":7.181714057922363,"orthographic":false}