{"cameraMode":{"drawMode":0,"name":"Shaded","section":"Shading Mode"},"sceneLighting":false,"audioPlay":false,"sceneViewState":{"showFog":false,"showMaterialUpdate":false,"showSkybox":true,"showFlares":true,"showImageEffects":true,"showParticleSystems":true},"in2DMode":false,"pivot":{"x":0.0,"y":4.429999828338623,"z":-5.119999885559082},"rotation":{"x":-0.0023788183461874725,"y":-0.9971219897270203,"z":0.03531143069267273,"w":-0.06711284816265106},"size":2.251258134841919,"orthographic":true}