{"cameraMode":{"drawMode":0,"name":"Shaded","section":"Shading Mode"},"sceneLighting":false,"audioPlay":false,"sceneViewState":{"showFog":false,"showMaterialUpdate":false,"showSkybox":false,"showFlares":true,"showImageEffects":true,"showParticleSystems":true},"in2DMode":false,"pivot":{"x":0.04801177978515625,"y":-0.00099945068359375,"z":0.5815277099609375},"rotation":{"x":0.0696505457162857,"y":-0.8390064835548401,"z":0.5282384157180786,"w":0.11063852906227112},"size":1.1631994247436524,"orthographic":true}