{"cameraMode":{"drawMode":0,"name":"Shaded","section":"Shading Mode"},"sceneLighting":true,"audioPlay":false,"sceneViewState":{"showFog":false,"showMaterialUpdate":false,"showSkybox":true,"showFlares":true,"showImageEffects":true,"showParticleSystems":true},"in2DMode":false,"pivot":{"x":-5.960464477539063e-8,"y":0.9014089703559876,"z":0.016609370708465577},"rotation":{"x":-0.05006437748670578,"y":0.9495958089828491,"z":-0.20537938177585603,"w":-0.2314780056476593},"size":2.7879092693328859,"orthographic":false}