{"cameraMode":{"drawMode":0,"name":"Shaded","section":"Shading Mode"},"sceneLighting":true,"audioPlay":false,"sceneViewState":{"showFog":false,"showMaterialUpdate":false,"showSkybox":true,"showFlares":true,"showImageEffects":true,"showParticleSystems":true},"in2DMode":false,"pivot":{"x":1.7000000476837159,"y":0.0,"z":-2.509999990463257},"rotation":{"x":0.00019336391414981335,"y":0.9979155659675598,"z":-0.002993745030835271,"w":0.06445494294166565},"size":7.29951286315918,"orthographic":true}