{"cameraMode":{"drawMode":0,"name":"Shaded","section":"Shading Mode"},"sceneLighting":false,"audioPlay":false,"sceneViewState":{"showFog":false,"showMaterialUpdate":false,"showSkybox":true,"showFlares":true,"showImageEffects":true,"showParticleSystems":true},"in2DMode":false,"pivot":{"x":11.166878700256348,"y":0.24590349197387696,"z":83.5726318359375},"rotation":{"x":0.04623907059431076,"y":0.10260841995477677,"z":-0.0047708856873214249,"w":0.9936557412147522},"size":3.7497122287750246,"orthographic":true}