{"cameraMode":{"drawMode":0,"name":"Shaded","section":"Shading Mode"},"sceneLighting":false,"audioPlay":false,"sceneViewState":{"showFog":false,"showMaterialUpdate":false,"showSkybox":true,"showFlares":true,"showImageEffects":true,"showParticleSystems":true},"in2DMode":false,"pivot":{"x":-2.3466567993164064,"y":-5.9640045166015629,"z":-49.192893981933597},"rotation":{"x":0.11383120715618134,"y":0.7577484846115112,"z":-0.13741405308246613,"w":0.6276869177818298},"size":2.466087818145752,"orthographic":false}