{"cameraMode":{"drawMode":0,"name":"Shaded","section":"Shading Mode"},"sceneLighting":false,"audioPlay":false,"sceneViewState":{"showFog":false,"showMaterialUpdate":false,"showSkybox":true,"showFlares":true,"showImageEffects":true,"showParticleSystems":true},"in2DMode":false,"pivot":{"x":-2.9259185791015627,"y":7.3888702392578129,"z":-5.814013957977295},"rotation":{"x":0.27523696422576907,"y":-0.6692569255828857,"z":0.29526281356811526,"w":0.6238452792167664},"size":61.93050003051758,"orthographic":false}