{"cameraMode":{"drawMode":0,"name":"Shaded","section":"Shading Mode"},"sceneLighting":false,"audioPlay":false,"sceneViewState":{"showFog":false,"showMaterialUpdate":false,"showSkybox":true,"showFlares":true,"showImageEffects":true,"showParticleSystems":true},"in2DMode":false,"pivot":{"x":-45.643104553222659,"y":-24.848140716552736,"z":31.756484985351564},"rotation":{"x":-0.15976250171661378,"y":0.06568945944309235,"z":-0.010655523277819157,"w":-0.9849099516868591},"size":90.82585144042969,"orthographic":false}