{"cameraMode":{"drawMode":0,"name":"Shaded","section":"Shading Mode"},"sceneLighting":false,"audioPlay":false,"sceneViewState":{"showFog":false,"showMaterialUpdate":false,"showSkybox":true,"showFlares":true,"showImageEffects":true,"showParticleSystems":true},"in2DMode":false,"pivot":{"x":7.140142440795898,"y":0.9694161415100098,"z":2.1273372173309328},"rotation":{"x":0.07635806500911713,"y":0.04186572507023811,"z":-0.003207294037565589,"w":0.9961977601051331},"size":6.885363578796387,"orthographic":true}